"ref_node","n_tips","n_events","emd","burst_ref","burst_est","burst_loss","centroid_shift","weight","candidate"
107,102,100,0.259927504781257,1.50352941925565,1.70524709779674,0,0.262632987758239,46.3472898822964,"chronos_discrete"
108,83,81,0.260328887337353,1.40445572169558,1.72611489167853,0,0.263715246907908,39.8773511895898,"chronos_discrete"
109,70,68,0.253372518137278,1.49326911205061,2.75724613788459,0,0.257180696756119,35.1509587624725,"chronos_discrete"
110,59,57,0.197899211548936,1.67617697439804,2.58057517287898,0,0.19905299008465,30.911623565728,"chronos_discrete"
111,47,45,0.285271925973109,1.74616332115399,1.24994979681494,0.284173604111002,0.283663422330227,25.9688058448678,"chronos_discrete"
112,46,44,0.337783178271842,1.80398603834921,1.25835813767899,0.302456831189897,0.343220573778043,25.5389899647179,"chronos_discrete"
113,23,21,0.0952296159931409,1.24157524738681,0.933477776076814,0.248150462050696,0.0925293585556811,14.5636722402138,"chronos_discrete"
114,18,16,0.136589321968688,1.55939455772792,0.833414530801715,0.46555249492695,0.134341507475316,11.7777559166658,"chronos_discrete"
115,14,12,0.172797730430096,1.68614403039708,1.4029514540968,0.167952779356233,0.169349293513845,9.38096107551229,"chronos_discrete"
116,11,9,0.137430660491073,1.77593003549846,1.04600141162111,0.411012038361106,0.129091497305005,7.454719949364,"chronos_discrete"
117,9,7,0.0698117206135061,1.87815770765077,1.4361613192686,0.235335076805021,0.0681249400307983,6.09206752862678,"chronos_discrete"
135,23,21,0.293994820901348,1.61353193025808,2.01298169832066,0,0.295769736927296,14.5636722402138,"chronos_discrete"
136,20,18,0.256511159671517,1.33128174364278,1.84634159053267,0,0.257853539494593,12.916814767133,"chronos_discrete"
137,18,16,0.221876489686196,1.28752936969577,0.918577680710678,0.286557881838445,0.2241189464729,11.7777559166658,"chronos_discrete"
138,16,14,0.216935673421258,1.26661119415477,0.997154610398582,0.212738198588073,0.219516084447811,10.6009136370944,"chronos_discrete"
139,15,13,0.235336631219385,1.23428386751924,0.972924112121069,0.211750118652414,0.238402258840546,9.99671080380871,"chronos_discrete"
140,11,9,0.207580773933765,1.86819526121896,0.878646361042626,0.529681731196634,0.208385958026636,7.454719949364,"chronos_discrete"
141,10,8,0.21489130061925,1.86354073326975,0.914080024132435,0.509492866019029,0.217381616988196,6.78227203188358,"chronos_discrete"
157,12,10,0.292623583340242,1.34049709159145,0.942251225902718,0.297088198241173,0.295291602999816,8.11108205256386,"chronos_discrete"
158,11,9,0.257186699793609,1.24879933088022,0.827396876923278,0.337446092047132,0.25902046577942,7.454719949364,"chronos_discrete"
159,10,8,0.259100290071739,1.32045598310063,0.891442575581372,0.324897923906213,0.263073046970295,6.78227203188358,"chronos_discrete"
168,11,9,0.299544279181303,1.29182499474583,1.09236859825634,0.154398929654228,0.303789453367099,7.454719949364,"chronos_discrete"
169,9,7,0.0486569965265902,1.1226832758863,1.06327823657182,0.0529134445932937,0.0463780590122106,6.09206752862678,"chronos_discrete"
170,8,6,0.113048049441205,0.745684303997202,0.680434624945169,0.0875030877037081,0.114313554960088,5.38207906477617,"chronos_discrete"
178,13,11,0.223790857061709,0.961697319401727,0.969364601395572,0,0.228078739014888,8.75276296257109,"chronos_discrete"
190,19,17,0.146320452637528,1.14696569478289,1.03308140303602,0.0992918029412615,0.150153696407182,12.3517205899348,"chronos_discrete"
191,13,11,0.0587095865638006,1.3478594335033,1.36053057826197,0,0.0619499433464077,8.75276296257109,"chronos_discrete"
192,12,10,0.0720856323544821,1.53448667462203,1.54988223444395,0,0.0767050422860705,8.11108205256386,"chronos_discrete"
193,10,8,0.0547127026933192,1.36642791552204,1.40445238075065,0,0.0566745941547945,6.78227203188358,"chronos_discrete"
107,102,100,0.259911547884378,1.50352941925565,1.70401100038111,0,0.262616929492233,46.3472898822964,"chronos_clock"
108,83,81,0.260327545775899,1.40445572169558,1.72678633223279,0,0.263713522457591,39.8773511895898,"chronos_clock"
109,70,68,0.253378155562588,1.49326911205061,2.75812432223726,0,0.257186558295661,35.1509587624725,"chronos_clock"
110,59,57,0.197905415518814,1.67617697439804,2.58127728794444,0,0.199058113248895,30.911623565728,"chronos_clock"
111,47,45,0.28527038416705,1.74616332115399,1.25009447156506,0.284090751179454,0.28362950669295,25.9688058448678,"chronos_clock"
112,46,44,0.337791013558313,1.80398603834921,1.25871216535509,0.302260583730896,0.343222629932167,25.5389899647179,"chronos_clock"
113,23,21,0.0952294952371192,1.24157524738681,0.933425213722164,0.248192797265385,0.0925233525539758,14.5636722402138,"chronos_clock"
114,18,16,0.136659352501809,1.55939455772792,0.83259132874354,0.466080393433517,0.134410130806066,11.7777559166658,"chronos_clock"
115,14,12,0.172788003182919,1.68614403039708,1.40248604985832,0.168228796250455,0.169336835946913,9.38096107551229,"chronos_clock"
116,11,9,0.137328041203516,1.77593003549846,1.04597610941406,0.411026285660576,0.128982229488047,7.454719949364,"chronos_clock"
117,9,7,0.0698149159387737,1.87815770765077,1.43579788111544,0.235528584598149,0.0681155518740167,6.09206752862678,"chronos_clock"
135,23,21,0.293970131322707,1.61353193025808,2.01064497707072,0,0.295757880942766,14.5636722402138,"chronos_clock"
136,20,18,0.256798774045689,1.33128174364278,1.84930509639443,0,0.258137184570574,12.916814767133,"chronos_clock"
137,18,16,0.221846809806228,1.28752936969577,0.919497590703131,0.285843404938653,0.224082016926414,11.7777559166658,"chronos_clock"
138,16,14,0.216798120693463,1.26661119415477,0.997586203661137,0.212397452142323,0.21936956139883,10.6009136370944,"chronos_clock"
139,15,13,0.235199456263274,1.23428386751924,0.973295505054685,0.211449221149506,0.238258828290059,9.99671080380871,"chronos_clock"
140,11,9,0.207003069464322,1.86819526121896,0.878880462871852,0.52955642211675,0.207811323994186,7.454719949364,"chronos_clock"
141,10,8,0.21432167220722,1.86354073326975,0.914118630158702,0.509472149527257,0.216812761944585,6.78227203188358,"chronos_clock"
157,12,10,0.292608482347123,1.34049709159145,0.942126880408034,0.297180958975579,0.295273930220648,8.11108205256386,"chronos_clock"
158,11,9,0.257162229936639,1.24879933088022,0.827140705464837,0.33765122625253,0.258992824246133,7.454719949364,"chronos_clock"
159,10,8,0.259078060600766,1.32045598310063,0.891120441942076,0.325141880269332,0.263047062426442,6.78227203188358,"chronos_clock"
168,11,9,0.29954775223254,1.29182499474583,1.0924067164047,0.154369422446584,0.303792946631078,7.454719949364,"chronos_clock"
169,9,7,0.0486307623917749,1.1226832758863,1.06335115391061,0.0528484954305546,0.0463329811908031,6.09206752862678,"chronos_clock"
170,8,6,0.113022458064369,0.745684303997202,0.681434100411308,0.0861627410438947,0.114280865269827,5.38207906477617,"chronos_clock"
178,13,11,0.22376060722812,0.961697319401727,0.968849398868108,0,0.228047722347693,8.75276296257109,"chronos_clock"
190,19,17,0.146244461362233,1.14696569478289,1.03252855950148,0.0997738082331838,0.150076317527333,12.3517205899348,"chronos_clock"
191,13,11,0.0587264500060479,1.3478594335033,1.35976306633438,0,0.061960810526303,8.75276296257109,"chronos_clock"
192,12,10,0.0719878900046236,1.53448667462203,1.54875565526996,0,0.0766114555773807,8.11108205256386,"chronos_clock"
193,10,8,0.0549129404168471,1.36642791552204,1.4032033158107,0,0.0568777111068749,6.78227203188358,"chronos_clock"
107,102,100,0.266717089594756,1.50352941925565,1.66110683713814,0,0.269111996087589,46.3472898822964,"chronos_correlated"
108,83,81,0.244015045259585,1.40445572169558,2.03735396943208,0,0.245724385757144,39.8773511895898,"chronos_correlated"
109,70,68,0.141047244989145,1.49326911205061,1.21235953847679,0.188117179486739,0.142590930145991,35.1509587624725,"chronos_correlated"
110,59,57,0.067190464175096,1.67617697439804,1.20036222402081,0.283869041064604,0.0531811317644971,30.911623565728,"chronos_correlated"
111,47,45,0.206651881146769,1.74616332115399,1.15137274158647,0.340627117957155,0.20953571012251,25.9688058448678,"chronos_correlated"
112,46,44,0.254752014531024,1.80398603834921,1.13912062441491,0.368553525249194,0.259358048402438,25.5389899647179,"chronos_correlated"
113,23,21,0.110758680345307,1.24157524738681,0.838971714578314,0.324268330619141,0.112083373072785,14.5636722402138,"chronos_correlated"
114,18,16,0.0951180177274502,1.55939455772792,0.832812327977657,0.465938672255242,0.083734893382392,11.7777559166658,"chronos_correlated"
115,14,12,0.133580337440144,1.68614403039708,0.646228668822952,0.616741715313973,0.0622343740969878,9.38096107551229,"chronos_correlated"
116,11,9,0.249256317424348,1.77593003549846,0.682929216445913,0.615452634509417,0.251531745721895,7.454719949364,"chronos_correlated"
117,9,7,0.336067342700468,1.87815770765077,0.600528866562828,0.680256421429775,0.335569391114096,6.09206752862678,"chronos_correlated"
135,23,21,0.153316125223985,1.61353193025808,0.832920532786362,0.483790486468018,0.113375143203404,14.5636722402138,"chronos_correlated"
136,20,18,0.160363457667197,1.33128174364278,0.887516086547249,0.333337146110729,0.1454986249451,12.916814767133,"chronos_correlated"
137,18,16,0.269734481098817,1.28752936969577,0.94731551380441,0.26423774392928,0.277187314859355,11.7777559166658,"chronos_correlated"
138,16,14,0.277673834428311,1.26661119415477,0.937165877518217,0.260099798704317,0.284437088672993,10.6009136370944,"chronos_correlated"
139,15,13,0.244598741761695,1.23428386751924,0.996908801670188,0.192318049433762,0.252268956477622,9.99671080380871,"chronos_correlated"
140,11,9,0.41302456609104,1.86819526121896,0.801233616656117,0.571118911770551,0.422364415096265,7.454719949364,"chronos_correlated"
141,10,8,0.403743157675453,1.86354073326975,0.859232942573669,0.538924517594738,0.409801136293735,6.78227203188358,"chronos_correlated"
157,12,10,0.202872074844205,1.34049709159145,0.865223153366559,0.354550518017379,0.20765176729142,8.11108205256386,"chronos_correlated"
158,11,9,0.206635255498028,1.24879933088022,0.94280903762769,0.245027592252637,0.210109428768064,7.454719949364,"chronos_correlated"
159,10,8,0.193974450353225,1.32045598310063,1.0439558129425,0.209397491242877,0.196022945816599,6.78227203188358,"chronos_correlated"
168,11,9,0.279227203556524,1.29182499474583,1.09792116815316,0.150100692726314,0.281956605363223,7.454719949364,"chronos_correlated"
169,9,7,0.0737872857989844,1.1226832758863,1.41387628224107,0,0.0720374044458185,6.09206752862678,"chronos_correlated"
170,8,6,0.0563660737801865,0.745684303997202,0.419876533223404,0.436924539013206,0.0152344169766885,5.38207906477617,"chronos_correlated"
178,13,11,0.265460087587882,0.961697319401727,0.695091452585426,0.277224300658215,0.273450918177471,8.75276296257109,"chronos_correlated"
190,19,17,0.0813304983653531,1.14696569478289,0.724873217211584,0.368007935626038,0.00419583298689075,12.3517205899348,"chronos_correlated"
191,13,11,0.0998949454190142,1.3478594335033,0.6152061961058,0.543567985789642,0.0818971083165126,8.75276296257109,"chronos_correlated"
192,12,10,0.111391621882414,1.53448667462203,0.642261629494493,0.581448545551381,0.0618083622646643,8.11108205256386,"chronos_correlated"
193,10,8,0.191521105755669,1.36642791552204,0.540832691356664,0.60419961769396,0.149436752081911,6.78227203188358,"chronos_correlated"
107,102,100,0.26671708963773,1.50352941925565,1.6611068182041,0,0.26911199612666,46.3472898822964,"chronos_relaxed"
108,83,81,0.244015045309428,1.40445572169558,2.0373539107904,0,0.245724385811898,39.8773511895898,"chronos_relaxed"
109,70,68,0.141047245650378,1.49326911205061,1.21235949604993,0.188117207898804,0.14259093043479,35.1509587624725,"chronos_relaxed"
110,59,57,0.0671904658595318,1.67617697439804,1.2003620934333,0.283869118972552,0.0531811164792226,30.911623565728,"chronos_relaxed"
111,47,45,0.206651894256662,1.74616332115399,1.15137281829999,0.340627074024539,0.209535726707077,25.9688058448678,"chronos_relaxed"
112,46,44,0.254752013882378,1.80398603834921,1.139120623375,0.368553525825646,0.259358047756902,25.5389899647179,"chronos_relaxed"
113,23,21,0.110758680518354,1.24157524738681,0.838971715025061,0.324268330259319,0.112083373232666,14.5636722402138,"chronos_relaxed"
114,18,16,0.0951180178461339,1.55939455772792,0.83281233719389,0.465938666345107,0.0837348933390981,11.7777559166658,"chronos_relaxed"
115,14,12,0.133580338043919,1.68614403039708,0.646228666295482,0.616741716812937,0.0622343725472473,9.38096107551229,"chronos_relaxed"
116,11,9,0.249256319537352,1.77593003549846,0.68292921907744,0.615452633027644,0.251531747811142,7.454719949364,"chronos_relaxed"
117,9,7,0.336067343045974,1.87815770765077,0.60052886747033,0.680256420946587,0.335569391433421,6.09206752862678,"chronos_relaxed"
135,23,21,0.153316125280758,1.61353193025808,0.832920532505394,0.48379048664215,0.113375143201973,14.5636722402138,"chronos_relaxed"
136,20,18,0.160363457754944,1.33128174364278,0.887516086528194,0.333337146125042,0.145498625020989,12.916814767133,"chronos_relaxed"
137,18,16,0.269734481231212,1.28752936969577,0.947315514214764,0.264237743610566,0.277187314990352,11.7777559166658,"chronos_relaxed"
138,16,14,0.277673834502139,1.26661119415477,0.937165877924578,0.260099798383492,0.284437088744081,10.6009136370944,"chronos_relaxed"
139,15,13,0.244598741863511,1.23428386751924,0.996908802036821,0.192318049136721,0.252268956585034,9.99671080380871,"chronos_relaxed"
140,11,9,0.413024566416182,1.86819526121896,0.801233616694003,0.571118911750272,0.422364415424105,7.454719949364,"chronos_relaxed"
141,10,8,0.403743157732071,1.86354073326975,0.859232942703616,0.538924517525007,0.40980113635083,6.78227203188358,"chronos_relaxed"
157,12,10,0.202872075189141,1.34049709159145,0.865223156848933,0.354550515419556,0.207651767640036,8.11108205256386,"chronos_relaxed"
158,11,9,0.206635255415686,1.24879933088022,0.942809041612797,0.245027589061486,0.210109428699488,7.454719949364,"chronos_relaxed"
159,10,8,0.193974450278595,1.32045598310063,1.04395581808003,0.209397487352155,0.196022945745291,6.78227203188358,"chronos_relaxed"
168,11,9,0.279227203567157,1.29182499474583,1.09792116796624,0.150100692871012,0.281956605367547,7.454719949364,"chronos_relaxed"
169,9,7,0.0737872857730045,1.1226832758863,1.41387628182134,0,0.0720374044305059,6.09206752862678,"chronos_relaxed"
170,8,6,0.0563660735983472,0.745684303997202,0.419876525119133,0.43692454988144,0.01523441688518,5.38207906477617,"chronos_relaxed"
178,13,11,0.265460087540829,0.961697319401727,0.695091466402279,0.277224286291062,0.273450918246082,8.75276296257109,"chronos_relaxed"
190,19,17,0.0813304981984294,1.14696569478289,0.724873214158671,0.368007938287768,0.00419583267607565,12.3517205899348,"chronos_relaxed"
191,13,11,0.0998949451211192,1.3478594335033,0.615206196492197,0.543567985502968,0.081897107945511,8.75276296257109,"chronos_relaxed"
192,12,10,0.111391622056381,1.53448667462203,0.642261628954842,0.581448545903062,0.0618083624929027,8.11108205256386,"chronos_relaxed"
193,10,8,0.191521105967922,1.36642791552204,0.540832691436974,0.604199617635187,0.149436752368172,6.78227203188358,"chronos_relaxed"
107,102,100,0.237651116577031,1.50352941925565,1.43772367641444,0.0437675126262213,0.240038632259467,46.3472898822964,"treePL"
108,83,81,0.235748541392572,1.40445572169558,1.496046299386,0,0.238819891488062,39.8773511895898,"treePL"
109,70,68,0.219745786452214,1.49326911205061,2.30071493159887,0,0.223100324744477,35.1509587624725,"treePL"
110,59,57,0.159545190012874,1.67617697439804,2.24009557010978,0,0.160775543434226,30.911623565728,"treePL"
111,47,45,0.219206184405555,1.74616332115399,0.996089184528601,0.429555544740944,0.223167378126945,25.9688058448678,"treePL"
112,46,44,0.25597551489324,1.80398603834921,0.806203807510758,0.553098643574288,0.260654995654817,25.5389899647179,"treePL"
113,23,21,0.107197198849263,1.24157524738681,0.758305475457912,0.389239212802979,0.10760247291973,14.5636722402138,"treePL"
114,18,16,0.139644984799055,1.55939455772792,0.7855245692713,0.496263107127726,0.138704070776006,11.7777559166658,"treePL"
115,14,12,0.181251166707848,1.68614403039708,1.25757555152494,0.254170741731329,0.180085443408617,9.38096107551229,"treePL"
116,11,9,0.186436559884316,1.77593003549846,0.854457284500367,0.518867710201735,0.184389587188609,7.454719949364,"treePL"
117,9,7,0.124715282362132,1.87815770765077,1.35886389330898,0.276491059417503,0.125054088895079,6.09206752862678,"treePL"
135,23,21,0.140913085700438,1.61353193025808,0.939481649849044,0.41774833690512,0.135977280407146,14.5636722402138,"treePL"
136,20,18,0.1444427809688,1.33128174364278,0.804409347990525,0.395763254598671,0.143483613447914,12.916814767133,"treePL"
137,18,16,0.217204955026969,1.28752936969577,0.571741040675421,0.555939418445211,0.222331549633044,11.7777559166658,"treePL"
138,16,14,0.227166507330113,1.26661119415477,0.56835977559863,0.551275262509851,0.231802893512087,10.6009136370944,"treePL"
139,15,13,0.204539026775387,1.23428386751924,0.59200152680572,0.520368415738844,0.210347620847822,9.99671080380871,"treePL"
140,11,9,0.288104285206379,1.86819526121896,0.692603425190999,0.629266041099089,0.292387385451849,7.454719949364,"treePL"
141,10,8,0.276827361283376,1.86354073326975,0.752818140685654,0.596028073201619,0.278294871042944,6.78227203188358,"treePL"
157,12,10,0.172321360238691,1.34049709159145,0.536557166303893,0.599732688962804,0.172405823877265,8.11108205256386,"treePL"
158,11,9,0.164534982393934,1.24879933088022,0.531712844684587,0.574220748252338,0.164173216966046,7.454719949364,"treePL"
159,10,8,0.186107492095176,1.32045598310063,0.572104011461965,0.56673753704448,0.186737787164359,6.78227203188358,"treePL"
168,11,9,0.318884560197189,1.29182499474583,1.24965602512591,0.0326429429616216,0.323568262577473,7.454719949364,"treePL"
169,9,7,0.113562183090489,1.1226832758863,1.49100169439473,0,0.113391706452003,6.09206752862678,"treePL"
170,8,6,0.0929313308196391,0.745684303997202,0.431427177570912,0.421434546417712,0.0919697606825071,5.38207906477617,"treePL"
178,13,11,0.246780621791598,0.961697319401727,0.938432308010955,0.0241916150969629,0.251726738773722,8.75276296257109,"treePL"
190,19,17,0.108479974179938,1.14696569478289,0.921727861834974,0.196377131393064,0.112528928677464,12.3517205899348,"treePL"
191,13,11,0.0639055301123826,1.3478594335033,1.34826686889814,0,0.0669914233900653,8.75276296257109,"treePL"
192,12,10,0.0797247292499273,1.53448667462203,1.53241907558737,0.00134742065137876,0.08352477006036,8.11108205256386,"treePL"
193,10,8,0.0608681742285209,1.36642791552204,1.25776513014977,0.0795232475404122,0.0626599443054056,6.78227203188358,"treePL"
107,102,100,0.23192615077327,1.50352941925565,1.81402445156658,0,0.226749355809906,46.3472898822964,"RelTime"
108,83,81,0.245828416271057,1.40445572169558,2.04749761830704,0,0.245649732594963,39.8773511895898,"RelTime"
109,70,68,0.253712499250614,1.49326911205061,2.34627244402894,0,0.257151538076166,35.1509587624725,"RelTime"
110,59,57,0.217494687489095,1.67617697439804,2.27739400072686,0,0.220448717296466,30.911623565728,"RelTime"
111,47,45,0.312283243626117,1.74616332115399,1.61658350906557,0.0742083002881457,0.317222918484955,25.9688058448678,"RelTime"
112,46,44,0.330332520025844,1.80398603834921,1.21028493526021,0.329105154068683,0.3366647374432,25.5389899647179,"RelTime"
113,23,21,0.145458707328059,1.24157524738681,0.996584092749274,0.197322840603481,0.146663706273377,14.5636722402138,"RelTime"
114,18,16,0.185874269425047,1.55939455772792,1.03667750019484,0.335205131339153,0.186570373221482,11.7777559166658,"RelTime"
115,14,12,0.239319038653095,1.68614403039708,1.55597985332508,0.0771963573249848,0.238112902179426,9.38096107551229,"RelTime"
116,11,9,0.21717030464081,1.77593003549846,0.908815772315589,0.488259247746211,0.212653245629555,7.454719949364,"RelTime"
117,9,7,0.120820526124282,1.87815770765077,1.30330324340696,0.306073585781322,0.121577955534228,6.09206752862678,"RelTime"
135,23,21,0.232950972152777,1.61353193025808,1.58404128380392,0.0182770764563857,0.234983923459442,14.5636722402138,"RelTime"
136,20,18,0.210004271858612,1.33128174364278,1.47043106298234,0,0.211686240491317,12.916814767133,"RelTime"
137,18,16,0.22135862974949,1.28752936969577,0.990441024766818,0.230742965497496,0.223809441773687,11.7777559166658,"RelTime"
138,16,14,0.224976101361735,1.26661119415477,1.02692813783216,0.189231752749795,0.227807282917085,10.6009136370944,"RelTime"
139,15,13,0.241191468246527,1.23428386751924,1.01557435138612,0.177195474953845,0.24389639288376,9.99671080380871,"RelTime"
140,11,9,0.210033469494712,1.86819526121896,1.09557593083541,0.413564548857178,0.21386419097868,7.454719949364,"RelTime"
141,10,8,0.203352832344085,1.86354073326975,1.1647178579256,0.374997370794051,0.20933383599559,6.78227203188358,"RelTime"
157,12,10,0.243008213920591,1.34049709159145,0.727649438137856,0.457179398073561,0.244009565538063,8.11108205256386,"RelTime"
158,11,9,0.205033621254297,1.24879933088022,0.558785895168096,0.552541484167207,0.205697536199344,7.454719949364,"RelTime"
159,10,8,0.222780314955694,1.32045598310063,0.595483729473115,0.549031745779682,0.223937747466249,6.78227203188358,"RelTime"
168,11,9,0.292162004957746,1.29182499474583,1.59570804037045,0,0.296365465251928,7.454719949364,"RelTime"
169,9,7,0.123431140045718,1.1226832758863,1.9729813419027,0,0.119886307271102,6.09206752862678,"RelTime"
170,8,6,0.187208775617611,0.745684303997202,1.11138423092204,0,0.193361898200184,5.38207906477617,"RelTime"
178,13,11,0.15850962830448,0.961697319401727,1.37396215084257,0,0.130619982070082,8.75276296257109,"RelTime"
190,19,17,0.0866334458826001,1.14696569478289,1.27543148540086,0,0.0778985958692551,12.3517205899348,"RelTime"
191,13,11,0.100218749148579,1.3478594335033,1.50152787523032,0,0.105232029114546,8.75276296257109,"RelTime"
192,12,10,0.122432594781189,1.53448667462203,1.74698685370118,0,0.127640610388476,8.11108205256386,"RelTime"
193,10,8,0.0720195699781444,1.36642791552204,1.41279322923997,0,0.0745652885121567,6.78227203188358,"RelTime"
